filename,link
13472.jpg,http://assets.myntassets.com/v1/images/style/properties/7b1b8cdc234c40b4f157b281309bf70e_images.jpg
37117.jpg,http://assets.myntassets.com/v1/images/style/properties/Wills-Lifestyle-Men-Blue-Striped-Shirt_315c2103dc120cd5cb11ac18a34d3960_images.jpg
32208.jpg,http://assets.myntassets.com/v1/images/style/properties/Fabindia-Women-Orange-Kurta_5ebdcbe260f420dc138ac7ffbe7be71a_images.jpg
7549.jpg,http://assets.myntassets.com/v1/images/style/properties/b76fb9b13394e3f5eb3582194df6b5fc_images.jpg
33964.jpg,http://assets.myntassets.com/v1/images/style/properties/001757a96b49c4b53c8e27386fdc3c89_images.jpg
52356.jpg,http://assets.myntassets.com/v1/images/style/properties/Red-Rose-Women-White-Nightdress_21df10d4bdec037b1e8991f7e94d887f_images.jpg
39725.jpg,http://assets.myntassets.com/v1/images/style/properties/0773340189b209016b3566934dcd5395_images.jpg
36281.jpg,http://assets.myntassets.com/v1/images/style/properties/c5e6223e6bf5e1fd54f684524c15442a_images.jpg
7151.jpg,http://assets.myntassets.com/v1/images/style/properties/23649aa8c80d9c0e7f111d4f51870c22_images.jpg
4081.jpg,http://assets.myntassets.com/v1/images/style/properties/9180f837ca6f0a85c965aab8093363fa_images.jpg
22393.jpg,http://assets.myntassets.com/v1/images/style/properties/bede87d1f39eb0c758332db44c6f4e46_images.jpg
15323.jpg,http://assets.myntassets.com/v1/images/style/properties/7667d772a8b42e47225ff55050fe02f5_images.jpg
59355.jpg,http://assets.myntassets.com/v1/images/style/properties/Vishudh-Women-Turquoise-Blue-Kurta_96b0119ec5be771fdea4673599714533_images.jpg
11770.jpg,http://assets.myntassets.com/v1/images/style/properties/fcb17de2df3cfe3207d9b508cb347f1b_images.jpg
51499.jpg,http://assets.myntassets.com/v1/images/style/properties/689197cf54631e679c2db7ec742a6e09_images.jpg
32459.jpg,http://assets.myntassets.com/v1/images/style/properties/f53e53b773744dc772e103c22c1f6c0a_images.jpg
20229.jpg,http://assets.myntassets.com/v1/images/style/properties/cd983ab79b619015d071533b09d955a5_images.jpg
56416.jpg,http://assets.myntassets.com/v1/images/style/properties/Biara-Women-Rose-Red-Bra_da2f6db14ee3f349456cb6eef3c48b18_images.jpg
9660.jpg,http://assets.myntassets.com/v1/images/style/properties/0be615f02ae1f1cfe78155555a79007c_images.jpg
51609.jpg,http://assets.myntassets.com/v1/images/style/properties/78a0a41ad395cd3217d2a4cc5c7fc9ff_images.jpg
9677.jpg,http://assets.myntassets.com/v1/images/style/properties/1f6b947766e2e7a28a48457d208f2759_images.jpg
54890.jpg,http://assets.myntassets.com/v1/images/style/properties/Do-u-speak-green-Women-Green-Top_6bbf045f4a01ee66ef8b4d993fbc7427_images.jpg
17184.jpg,http://assets.myntassets.com/v1/images/style/properties/7a94a60d2e037a81e5477b3c4df66341_images.jpg
11775.jpg,http://assets.myntassets.com/v1/images/style/properties/b482fb0adf36b18388a5f1198b4588da_images.jpg
27230.jpg,http://assets.myntassets.com/v1/images/style/properties/ce78d3a81a7f74dbb838084fc06c7704_images.jpg
40640.jpg,http://assets.myntassets.com/v1/images/style/properties/4ffbaa46522cfcf862f8a042fd360070_images.jpg
28078.jpg,http://assets.myntassets.com/v1/images/style/properties/5d37c115f6c7907eb66f358a8052683c_images.jpg
50881.jpg,http://assets.myntassets.com/v1/images/style/properties/5255a00f264657e2eaa07e2a9c26ba5e_images.jpg
41586.jpg,http://assets.myntassets.com/v1/images/style/properties/415938bb6b47b8bd3f4de837e8c8b8ab_images.jpg
8748.jpg,http://assets.myntassets.com/v1/images/style/properties/13c635046e4e8b95b9212531166af8a4_images.jpg
14051.jpg,http://assets.myntassets.com/v1/images/style/properties/18264003afeb90591798affd637063af_images.jpg
42261.jpg,http://assets.myntassets.com/v1/images/style/properties/b20dc9a855df011f5bdbca576517a0ce_images.jpg
14626.jpg,http://assets.myntassets.com/v1/images/style/properties/28d62dbd789f6c6fba940bd632556fec_images.jpg
30860.jpg,http://assets.myntassets.com/v1/images/style/properties/eac9b3a8a8cf0b2efe0f4e3a8da22713_images.jpg
44924.jpg,http://assets.myntassets.com/v1/images/style/properties/1e85047e167a6e042302be3a4a6c8da8_images.jpg
28536.jpg,http://assets.myntassets.com/v1/images/style/properties/d4bfab5ce01b40332ef2acd42f490e77_images.jpg
32565.jpg,http://assets.myntassets.com/v1/images/style/properties/027061d1cde925816fe9348dbaa8e7f2_images.jpg
26251.jpg,http://assets.myntassets.com/v1/images/style/properties/Proline-Men-Grey-Track-Pants_e381f72284e4b7de901575154221297d_images.jpg
42394.jpg,http://assets.myntassets.com/v1/images/style/properties/15cd6db8013d71515eadc5a4106dec9a_images.jpg
19183.jpg,http://assets.myntassets.com/v1/images/style/properties/0d887fea51d79a595330ff9105e622f5_images.jpg
4754.jpg,http://assets.myntassets.com/v1/images/style/properties/5d838706758d36be9bb44da9d44ffbfa_images.jpg
28098.jpg,http://assets.myntassets.com/v1/images/style/properties/269558b18f6ca7b3d83cd59697cde75e_images.jpg
24502.jpg,http://assets.myntassets.com/v1/images/style/properties/324c05b6f69d58dffd2192ad66b41b75_images.jpg
26947.jpg,http://assets.myntassets.com/v1/images/style/properties/160d91cf29dab381762592da991f2a43_images.jpg
2134.jpg,http://assets.myntassets.com/v1/images/style/properties/fd85920d8a5747ec4c4b74e00672d45d_images.jpg
14300.jpg,http://assets.myntassets.com/v1/images/style/properties/afa149eb5ad0de869a1d5efb7720b091_images.jpg
59982.jpg,http://assets.myntassets.com/v1/images/style/properties/Avirate-Black---Cream-Dress_b7110aeca8260ecfe8250ca88c9e021a_images.jpg
12913.jpg,http://assets.myntassets.com/v1/images/style/properties/d58202026b336bece8aa5d4c662b7c5e_images.jpg
9791.jpg,http://assets.myntassets.com/v1/images/style/properties/f581372a4f1c4e52d12c350f33090c6c_images.jpg
34607.jpg,http://assets.myntassets.com/v1/images/style/properties/Hanes-Men-Black-Briefs_186c9a85110c3685b12c4f36018540f1_images.jpg
42509.jpg,http://assets.myntassets.com/v1/images/style/properties/f09b95478d67e1b015aa1e85ab8e7fe9_images.jpg
53048.jpg,http://assets.myntassets.com/v1/images/style/properties/Fashion-N-Fabrics-Multi-Coloured-Sari_a627be7124e59cc059132b08a94b8bd0_images.jpg
53464.jpg,http://assets.myntassets.com/v1/images/style/properties/Amante-Maroon-Bra_e39b7c297fa7e7b44e6eb47165caecbb_images.jpg
3012.jpg,http://assets.myntassets.com/v1/images/style/properties/8d8b7d919dcce2923879c17bc97503e1_images.jpg
13293.jpg,http://assets.myntassets.com/v1/images/style/properties/35b647b6570b4371c46c37db918bb7e7_images.jpg
31361.jpg,http://assets.myntassets.com/v1/images/style/properties/b46cf99b08e7eccac2d652f1e6fa33d6_images.jpg
38973.jpg,http://assets.myntassets.com/v1/images/style/properties/157d2eec45dea56e14e125257e97b1ed_images.jpg
51870.jpg,http://assets.myntassets.com/v1/images/style/properties/Mark-Taylor-Beige-T-shirt_e14c9d0b93de521fdfdcd9bc652808e1_images.jpg
2149.jpg,http://assets.myntassets.com/v1/images/style/properties/7eb17dffde531df1062397f468d32890_images.jpg
28048.jpg,http://assets.myntassets.com/v1/images/style/properties/e1c0d13064d33f1c76c4a278bee9a1ab_images.jpg
57169.jpg,http://assets.myntassets.com/v1/images/style/properties/Elle-Women-Red-Folklore-Top_3ae499950c9dc7fada0db86b24b0b5ec_images.jpg
39468.jpg,http://assets.myntassets.com/v1/images/style/properties/8840e4f515a0a5f14a937ed501c692f5_images.jpg
32257.jpg,http://assets.myntassets.com/v1/images/style/properties/7a76b206ec8b31fa266ba6a42775e04e_images.jpg
22222.jpg,http://assets.myntassets.com/v1/images/style/properties/e2fe12aacc9781e08d67ca58743e31aa_images.jpg
14062.jpg,http://assets.myntassets.com/v1/images/style/properties/3be03e249a9bf07e44cf879b74bf63a6_images.jpg
11997.jpg,http://assets.myntassets.com/v1/images/style/properties/8e847b79e6af90bbaebe8c4a31c69b9e_images.jpg
28808.jpg,http://assets.myntassets.com/v1/images/style/properties/cd80c8c3512ef6446fa8476e3bed3285_images.jpg
19145.jpg,http://assets.myntassets.com/v1/images/style/properties/ea2bfae5360fa3fb248a20c85f21bf6b_images.jpg
31312.jpg,http://assets.myntassets.com/v1/images/style/properties/8e6291cb947f1d35eb4ebc3c73baf1eb_images.jpg
15602.jpg,http://assets.myntassets.com/v1/images/style/properties/5a3af13b8dde186965ce004eef036fad_images.jpg
24032.jpg,http://assets.myntassets.com/v1/images/style/properties/786161ed1f0551e5c89f3fcbc68333fd_images.jpg
10435.jpg,http://assets.myntassets.com/v1/images/style/properties/4b2ba9559704322ba1c8c460a46dd636_images.jpg
14663.jpg,http://assets.myntassets.com/v1/images/style/properties/f095514c11479c705122311caa86766b_images.jpg
34992.jpg,http://assets.myntassets.com/v1/images/style/properties/36280bbd0eb401393f1965efeacb496f_images.jpg
28786.jpg,http://assets.myntassets.com/v1/images/style/properties/217193c841182cb1ec04d33367482189_images.jpg
5721.jpg,http://assets.myntassets.com/v1/images/style/properties/178980335918e0e82acf43e862721553_images.jpg
47010.jpg,http://assets.myntassets.com/v1/images/style/properties/43e1653a1f12b28057a2a1f0776fc620_images.jpg
34363.jpg,http://assets.myntassets.com/v1/images/style/properties/33955bca37b8fc0f9d18d7fd9eb1e5ae_images.jpg
57033.jpg,http://assets.myntassets.com/v1/images/style/properties/Forever-New-Women-Black-Shirt_21e3f0ef45c2d22d9d7733a932438d1d_images.jpg
3948.jpg,http://assets.myntassets.com/v1/images/style/properties/3d3ee5e60e59b1bfee6673f2628b6d71_images.jpg
25040.jpg,http://assets.myntassets.com/v1/images/style/properties/a4a112238eab67ac7d2a3e5e3222bb7f_images.jpg
4386.jpg,http://assets.myntassets.com/v1/images/style/properties/dc7e36dcafbb8aeb71dc2ebbd4427ca7_images.jpg
10675.jpg,http://assets.myntassets.com/v1/images/style/properties/899344c7d6e9828a3876b65cbc5482e9_images.jpg
17288.jpg,http://assets.myntassets.com/v1/images/style/properties/18043aa0c4e708afa7febbac3e963a54_images.jpg
11681.jpg,http://assets.myntassets.com/v1/images/style/properties/cbb3b90d6dd966ee2ab285268b88ec8a_images.jpg
24508.jpg,http://assets.myntassets.com/v1/images/style/properties/0ba1bf05b0052238488a3443abbb9bac_images.jpg
6001.jpg,http://assets.myntassets.com/v1/images/style/properties/04d50a0879d6b0c4f54d8f2dfa870640_images.jpg
22762.jpg,http://assets.myntassets.com/v1/images/style/properties/f0a4d9082d2356391c4adf7b5c8ccfe8_images.jpg
5780.jpg,http://assets.myntassets.com/v1/images/style/properties/a3aa9c953f3ad5279241a6cc77bf47a1_images.jpg
17571.jpg,http://assets.myntassets.com/v1/images/style/properties/1e72af80d3bccfc4e295738fa1ded05b_images.jpg
52299.jpg,http://assets.myntassets.com/v1/images/style/properties/Crusoe-Men-Red-Printed-Get-Away-Boxers-R09_883d923b841c99625b1e7f5ab19167cb_images.jpg
4161.jpg,http://assets.myntassets.com/v1/images/style/properties/cc455f8401873f064b4ce8bd018327a5_images.jpg
9669.jpg,http://assets.myntassets.com/v1/images/style/properties/5824da2955055c4b2893259393ebac06_images.jpg
16059.jpg,http://assets.myntassets.com/v1/images/style/properties/2454ab752c60e8d00a144c23d4b0a3c4_images.jpg
47032.jpg,http://assets.myntassets.com/v1/images/style/properties/f2727a011e3fe0b9b11d54148a922004_images.jpg
23312.jpg,http://assets.myntassets.com/v1/images/style/properties/70ce2c3857f929460a1611b05be00e7c_images.jpg
25826.jpg,http://assets.myntassets.com/v1/images/style/properties/d9ba470d3c504b598d2b3a95faecd12e_images.jpg
31733.jpg,http://assets.myntassets.com/v1/images/style/properties/ce35dbfe74af74ea9c9a25b0c3d5995b_images.jpg
51983.jpg,http://assets.myntassets.com/v1/images/style/properties/Inaya-Women-Nightdress_04d333b0d35777bd3329611d768300c4_images.jpg
26876.jpg,http://assets.myntassets.com/v1/images/style/properties/21aba096b65e15b08bd850cd363067bf_images.jpg
4841.jpg,http://assets.myntassets.com/v1/images/style/properties/8be1b73ec57374071bb4ab739a1794bf_images.jpg
3121.jpg,http://assets.myntassets.com/v1/images/style/properties/ef8b7ac81e022576effa2dc0b56cce12_images.jpg
28947.jpg,http://assets.myntassets.com/v1/images/style/properties/42956e9039705d81ec9e02288ce1e3b5_images.jpg
1885.jpg,http://assets.myntassets.com/v1/images/style/properties/ab64b99b1d9d786c7d8fda5321fa9307_images.jpg
41784.jpg,http://assets.myntassets.com/v1/images/style/properties/Remanika-Women-Purple-Dress_5c22eeb22b6fa830000883b10fe054e8_images.jpg
35891.jpg,http://assets.myntassets.com/v1/images/style/properties/db1c8b000f4bb724beba7b06eff6195e_images.jpg
20193.jpg,http://assets.myntassets.com/v1/images/style/properties/841026696bfe041cb9e59f9613b877da_images.jpg
7817.jpg,http://assets.myntassets.com/v1/images/style/properties/7d6dd2ffb60605c0910902845450ee39_images.jpg
6999.jpg,http://assets.myntassets.com/v1/images/style/properties/sOliver-Womens-Pink-Printed-T-Shirt_a87ac7a9c29df42d9ed89864950aa373_images.jpg
5486.jpg,http://assets.myntassets.com/v1/images/style/properties/3339654c19909a62c719ec3789c6dbc9_images.jpg
40183.jpg,http://assets.myntassets.com/v1/images/style/properties/a86cf9645a07bd25c4097f65047aabfa_images.jpg
52423.jpg,http://assets.myntassets.com/v1/images/style/properties/Red-Rose-Women-Blue-Nightdress_e85dda0843e7f252a07846b40719b63e_images.jpg
36264.jpg,http://assets.myntassets.com/v1/images/style/properties/32de9d692059fb39bdd199299adb7f65_images.jpg
37734.jpg,http://assets.myntassets.com/v1/images/style/properties/b524e647fe9f889111169547f7625a07_images.jpg
46381.jpg,http://assets.myntassets.com/v1/images/style/properties/a132a56296196a07dcf8c76a3efbc257_images.jpg
9565.jpg,http://assets.myntassets.com/v1/images/style/properties/3b1805bb086c9f45182342931bb8074b_images.jpg
39777.jpg,http://assets.myntassets.com/v1/images/style/properties/7899d9d993aa36af0be65e745b1f30c6_images.jpg
51847.jpg,http://assets.myntassets.com/v1/images/style/properties/13deedb7bb668ba126a54616c747aac6_images.jpg
39764.jpg,http://assets.myntassets.com/v1/images/style/properties/20431637d7947cb657f79db6de740084_images.jpg
35260.jpg,http://assets.myntassets.com/v1/images/style/properties/7ea0e9ba7411e50878a212afb91d6d81_images.jpg
31451.jpg,http://assets.myntassets.com/v1/images/style/properties/94f295ebecbcb490273fe6aaecc8c5b0_images.jpg
50985.jpg,http://assets.myntassets.com/v1/images/style/properties/22d2bde7a04848cc8d9663b3bc65af38_images.jpg
34059.jpg,http://assets.myntassets.com/v1/images/style/properties/0b6894dcbd20cc321faab828ccf3d2fa_images.jpg
9155.jpg,http://assets.myntassets.com/v1/images/style/properties/bf06e57d0a53c4499d0b503f91f18c60_images.jpg
34403.jpg,http://assets.myntassets.com/v1/images/style/properties/30fedbe6864c0cb34d73fb6a4989a64b_images.jpg
22328.jpg,http://assets.myntassets.com/v1/images/style/properties/f148688b800a2b2b787c50b63e46df2b_images.jpg
29177.jpg,http://assets.myntassets.com/v1/images/style/properties/2ae9ae3d5e68c52333a0cddd3cd82372_images.jpg
2484.jpg,http://assets.myntassets.com/v1/images/style/properties/5391fab5f984b3d20923b4c52fdc56ec_images.jpg
3105.jpg,http://assets.myntassets.com/v1/images/style/properties/a32de25c1d69cc652384cf35181d5093_images.jpg
10261.jpg,http://assets.myntassets.com/v1/images/style/properties/43689446729c4a4b9f6872f4f31593ce_images.jpg
33970.jpg,http://assets.myntassets.com/v1/images/style/properties/Femella-Women-Navy-Blue-Dress_03288d835107e57393e71aecfdd7e263_images.jpg
59692.jpg,http://assets.myntassets.com/v1/images/style/properties/Avirate-Black-Bra_980734f1e1ebef0290e46dfb86f9718c_images.jpg
11466.jpg,http://assets.myntassets.com/v1/images/style/properties/ce38ace7eabf6708ed920f1ebf398bc7_images.jpg
8487.jpg,http://assets.myntassets.com/v1/images/style/properties/97eb69a71b9084c65df6862dbba82357_images.jpg
14666.jpg,http://assets.myntassets.com/v1/images/style/properties/68e7811deafaee1ab4295cbaf4765856_images.jpg
34579.jpg,http://assets.myntassets.com/v1/images/style/properties/ce6d2936fc5592df5c6f889afe3ae6c8_images.jpg
19718.jpg,http://assets.myntassets.com/v1/images/style/properties/58c3e6789485c93dd4e0957301d72382_images.jpg
28106.jpg,http://assets.myntassets.com/v1/images/style/properties/a2eb4b8ec9559a0e265d9a358658c021_images.jpg
28905.jpg,http://assets.myntassets.com/v1/images/style/properties/60cff8f2eae7535d21dc7dc89d07ac16_images.jpg
37765.jpg,http://assets.myntassets.com/v1/images/style/properties/e97c6c9ef69190a45325b359f290457f_images.jpg
4226.jpg,http://assets.myntassets.com/v1/images/style/properties/33de4a2555d1dc54f0af0f5eb77682b4_images.jpg
41789.jpg,http://assets.myntassets.com/v1/images/style/properties/c7a0a62e5286dc6eac43cf4e69e59ab3_images.jpg
13736.jpg,http://assets.myntassets.com/v1/images/style/properties/9f99841d49f14aeda6ba34ece9ee9ac7_images.jpg
9859.jpg,http://assets.myntassets.com/v1/images/style/properties/a4a630aa56bf41789bb1cae91cd8ffac_images.jpg
59985.jpg,http://assets.myntassets.com/v1/images/style/properties/Avirate-Women-Green-Dress_5ccfe27b99b88efe909df394ea6bb20a_images.jpg
28879.jpg,http://assets.myntassets.com/v1/images/style/properties/a327452b451272ea7d41130dbcf71f6a_images.jpg
45652.jpg,http://assets.myntassets.com/v1/images/style/properties/Park-Avenue-Men-White-Trunks_2c66ad2c5d63c1c4d6a09d9ab3bb8cc4_images.jpg
37769.jpg,http://assets.myntassets.com/v1/images/style/properties/9aaa03ba65e3f67abe4e5a847b32cb26_images.jpg
13090.jpg,http://assets.myntassets.com/v1/images/style/properties/c62139c3817794a4cd36d0e2b10bfcbc_images.jpg
50882.jpg,http://assets.myntassets.com/v1/images/style/properties/9f73782e09e158ebdabf9ae8916f9e3d_images.jpg
4377.jpg,http://assets.myntassets.com/v1/images/style/properties/550d6d13905fe9a9c1978b12ed8dabea_images.jpg
25856.jpg,http://assets.myntassets.com/v1/images/style/properties/Diva-Women-Black-Floral-Print-Kurti_5d15004963eb029a46a19ddf64cf6e48_images.jpg
17544.jpg,http://assets.myntassets.com/v1/images/style/properties/131f034c3d537635674befcdfbfefdd5_images.jpg
9628.jpg,http://assets.myntassets.com/v1/images/style/properties/5019725080dafda29aba1d856656c4a8_images.jpg
12629.jpg,http://assets.myntassets.com/v1/images/style/properties/c2fef21c1a727e9d272a0fdc2cf1ce60_images.jpg
40383.jpg,http://assets.myntassets.com/v1/images/style/properties/c2b3aa7ac11e9bce7d211cb11d62313e_images.jpg
3944.jpg,http://assets.myntassets.com/v1/images/style/properties/e5976cf5ddf26b604b3003d694753003_images.jpg
5892.jpg,http://assets.myntassets.com/v1/images/style/properties/b4d4843a4e30f8f2fb9c939dd21212e0_images.jpg
14956.jpg,http://assets.myntassets.com/v1/images/style/properties/33ca7f0518eff87d9c256fd1cf5532f8_images.jpg
51004.jpg,http://assets.myntassets.com/v1/images/style/properties/Enamor-Rose-Coloured-Full-Figure-Bra-FB09_8acfdad46e2ceb572e4555d714e5649e_images.jpg
36818.jpg,http://assets.myntassets.com/v1/images/style/properties/636e9c4022c544c594aa381e91e6e39a_images.jpg
1880.jpg,http://assets.myntassets.com/v1/images/style/properties/beda7543b85fb982c21faa86181d93ac_images.jpg
46266.jpg,http://assets.myntassets.com/v1/images/style/properties/2a65bf3c35247a32a4619458811d70e2_images.jpg
26995.jpg,http://assets.myntassets.com/v1/images/style/properties/84053f1fbbb0933c6d7ac98e015935d2_images.jpg
59446.jpg,http://assets.myntassets.com/v1/images/style/properties/Arrow-Sport-Men-Navy-Blue-Shirt_700fd455feef4d9fa36c9464c9cc713f_images.jpg
52878.jpg,http://assets.myntassets.com/v1/images/style/properties/Fashion-N-Fabrics-Red-Sari_c0a3e5217a85d005554f806b02c1bb8b_images.jpg
39857.jpg,http://assets.myntassets.com/v1/images/style/properties/40938fdce70b0260a76993c49fb925b1_images.jpg
4421.jpg,http://assets.myntassets.com/v1/images/style/properties/e50f016f31d9f0d279a3deabcd9792e6_images.jpg
34419.jpg,http://assets.myntassets.com/v1/images/style/properties/e803c22dcc328d8bd771af610008315b_images.jpg
39330.jpg,http://assets.myntassets.com/v1/images/style/properties/68ce555aa0551e21e160f8f248f4eba7_images.jpg
4244.jpg,http://assets.myntassets.com/v1/images/style/properties/700537d3eddb0849a48343e5e096edf5_images.jpg
6775.jpg,http://assets.myntassets.com/v1/images/style/properties/cac61799d4391f775563f51642a32834_images.jpg
16491.jpg,http://assets.myntassets.com/v1/images/style/properties/8eb9fa882ffa958ecaa1a372df03eacf_images.jpg
34955.jpg,http://assets.myntassets.com/v1/images/style/properties/b2ae488d6e9661e000e3ba1d0521dc16_images.jpg
29157.jpg,http://assets.myntassets.com/v1/images/style/properties/51b6653b5c25d230af55b8b256ce0437_images.jpg
59703.jpg,http://assets.myntassets.com/v1/images/style/properties/Avirate-Black---White-Brief_6ad37e4d6b7e64d8607fc8e14a13baea_images.jpg
30767.jpg,http://assets.myntassets.com/v1/images/style/properties/f53a8ed589939dfe390182b8f79ea44e_images.jpg
32504.jpg,http://assets.myntassets.com/v1/images/style/properties/c8a7a8f8b2765a3e87e48e1204d9ba6e_images.jpg
3727.jpg,http://assets.myntassets.com/v1/images/style/properties/bf5868989b4ea472032016c34b8b2c58_images.jpg
24329.jpg,http://assets.myntassets.com/v1/images/style/properties/88ec5b4f845d50cb51f517b9c27af055_images.jpg
48444.jpg,http://assets.myntassets.com/v1/images/style/properties/fdde008a07cf985bf72dbfce0d65507e_images.jpg
26519.jpg,http://assets.myntassets.com/v1/images/style/properties/Arrow-Sport-Men-Navy-Blue-Check-Shorts_975fe70441ae79c9069ce2ed6749bc68_images.jpg
19664.jpg,http://assets.myntassets.com/v1/images/style/properties/670deea354c9136c0316516adde1c2a0_images.jpg
4968.jpg,http://assets.myntassets.com/v1/images/style/properties/bf66530345350dbd2546fb8e717b6995_images.jpg
53545.jpg,http://assets.myntassets.com/v1/images/style/properties/Amante-Women-Pack-of-3-Briefs_c2bfbbd1014b716731e47bce93c18133_images.jpg
32973.jpg,http://assets.myntassets.com/v1/images/style/properties/846b9f34226a69bb5b64ca380ec10f00_images.jpg
28474.jpg,http://assets.myntassets.com/v1/images/style/properties/a0f7c65a1e5813e2ecfbd5e1f1775a93_images.jpg
46991.jpg,http://assets.myntassets.com/v1/images/style/properties/6d65d2e4e06a0a2e7c9faf9e63f97974_images.jpg
59453.jpg,http://assets.myntassets.com/v1/images/style/properties/Arrow-New-York-Men-Purple-Shirt_2c7ad9569b283d8005807989c9f62d87_images.jpg
21121.jpg,http://assets.myntassets.com/v1/images/style/properties/33393e03a8dbcd3b500b2ebb008563d7_images.jpg
3324.jpg,http://assets.myntassets.com/v1/images/style/properties/90ee2e925d4247254bfa867b8f81f30b_images.jpg
29171.jpg,http://assets.myntassets.com/v1/images/style/properties/552488b55aa1c615f830fd043f570d15_images.jpg
28143.jpg,http://assets.myntassets.com/assets/images/28143/2017/6/7/11496835094737-Jockey-24-x-7-Men-Navy-Blue-Knit-Sport-Shorts-9426-1641496835094539-1.jpg
34445.jpg,http://assets.myntassets.com/v1/images/style/properties/f9458cadac8cd880119e586cb446a729_images.jpg
50036.jpg,http://assets.myntassets.com/v1/images/style/properties/Hanes-Women-Bra_43d8968c1f7c063c2f30e0b384184a14_images.jpg
12117.jpg,http://assets.myntassets.com/v1/images/style/properties/646b2ae57c02fb2b804f2571d9351e14_images.jpg
30864.jpg,http://assets.myntassets.com/v1/images/style/properties/c49e5e393d0810f8ab35ce7c5151c7f9_images.jpg
3775.jpg,http://assets.myntassets.com/v1/images/style/properties/13ebb5f48deac016b7b808c0b7e1cd7d_images.jpg
52419.jpg,http://assets.myntassets.com/v1/images/style/properties/Red-Rose-Women-Coffee-Brown-Nightdress_bc11b67d7d636ea7c6eabb22033a98f3_images.jpg
11705.jpg,http://assets.myntassets.com/v1/images/style/properties/4056d13547127c9e81da2bf58d531ff5_images.jpg
32580.jpg,http://assets.myntassets.com/v1/images/style/properties/b35fb78867c0ee5df63e196f6d52407d_images.jpg
5984.jpg,http://assets.myntassets.com/v1/images/style/properties/2667a17aa2412154bfb521194a34065a_images.jpg
10260.jpg,http://assets.myntassets.com/v1/images/style/properties/6d890dd17beee5ef98ddc8ecf5c69201_images.jpg
9149.jpg,http://assets.myntassets.com/v1/images/style/properties/2b99b4980d0ae1fe2672337761492930_images.jpg
25011.jpg,http://assets.myntassets.com/v1/images/style/properties/2fa077adb140cb05f3e4c87bb9749e5c_images.jpg
20016.jpg,http://assets.myntassets.com/v1/images/style/properties/7c79d2d2be61de29ae8bd6ffe63985e3_images.jpg
7144.jpg,http://assets.myntassets.com/v1/images/style/properties/bf89f4b7238421b51131ae04719512ca_images.jpg
26943.jpg,http://assets.myntassets.com/v1/images/style/properties/ba1a208f83c7836ce0acfddb53ab89cf_images.jpg
9931.jpg,http://assets.myntassets.com/v1/images/style/properties/b9e72ad37e132fb0be196c53424c6354_images.jpg
43691.jpg,http://assets.myntassets.com/v1/images/style/properties/0a872ce74f02f71e0bdbe8166508539c_images.jpg
44845.jpg,http://assets.myntassets.com/v1/images/style/properties/53be1921120034b8e35ea0e61d5b8cfc_images.jpg
33297.jpg,http://assets.myntassets.com/v1/images/style/properties/ac0e75298fb58d06c3b4cb3d379afbc1_images.jpg
57361.jpg,http://assets.myntassets.com/v1/images/style/properties/Amante-Pink-Floral-Romance-Bra_abf5da481b8fd97a5ec9ab1df315df2d_images.jpg
24944.jpg,http://assets.myntassets.com/v1/images/style/properties/72c95798d2f69b2779ad3425d8f90cab_images.jpg
6593.jpg,http://assets.myntassets.com/v1/images/style/properties/ca9cf5f7e12354ac5914a8ab5cf93a3e_images.jpg
7689.jpg,http://assets.myntassets.com/v1/images/style/properties/b74bd86c1aedf21fb8f1f453786fbe70_images.jpg
39379.jpg,http://assets.myntassets.com/v1/images/style/properties/d39aefd02cf6b994c8497b50bf60a565_images.jpg
49635.jpg,http://assets.myntassets.com/v1/images/style/properties/3106e222bdd757f02897dda6d43a5359_images.jpg
40614.jpg,http://assets.myntassets.com/v1/images/style/properties/0765a2d33c711310b86f1ab76aceec31_images.jpg
50597.jpg,http://assets.myntassets.com/v1/images/style/properties/704da25ebc466344a369967192081f40_images.jpg
14538.jpg,http://assets.myntassets.com/v1/images/style/properties/b3f9cb3ed57fd68093d5f741e65f7181_images.jpg
2679.jpg,http://assets.myntassets.com/v1/images/style/properties/224d4068235d0376032f128546a343e1_images.jpg
34178.jpg,http://assets.myntassets.com/v1/images/style/properties/57301655aab8e70425333fac0b2fbda6_images.jpg
42823.jpg,http://assets.myntassets.com/v1/images/style/properties/c149840d6e29a3260f410ae379d8a63c_images.jpg
18894.jpg,http://assets.myntassets.com/v1/images/style/properties/cb711047cb26ab0634cd15709aa5ac5c_images.jpg
42808.jpg,http://assets.myntassets.com/v1/images/style/properties/e95f7454514f1cf07b98335ebce33a15_images.jpg
52054.jpg,http://assets.myntassets.com/v1/images/style/properties/Myntra-Men-White-T-shirt_844fa5156464d6f4fa0a13d8c66b7073_images.jpg
28742.jpg,http://assets.myntassets.com/v1/image/style/properties/28742/W-Women-Printed-Dark-Brown-Top_1_ae2d10844601aa2ed22a3d5a7762353f.jpg
4062.jpg,http://assets.myntassets.com/v1/images/style/properties/a62bd74cb9ce565c1cb7bf2ce376eb33_images.jpg
37894.jpg,http://assets.myntassets.com/v1/images/style/properties/77c9dbd1fccd19058e98183c8e2211e5_images.jpg
4837.jpg,http://assets.myntassets.com/v1/images/style/properties/b030f650ab21803789107d1aa75ee5ab_images.jpg
12619.jpg,http://assets.myntassets.com/v1/images/style/properties/926a5dd5d620300469878b7e75f2812c_images.jpg
5823.jpg,http://assets.myntassets.com/v1/images/style/properties/1b5a8775ca9dc5a784591047ca4ae87d_images.jpg
12328.jpg,http://assets.myntassets.com/v1/images/style/properties/fbb676a55381477569089973b085ee60_images.jpg
27003.jpg,http://assets.myntassets.com/v1/images/style/properties/1788c1342f6d012c8bc2a9c7f8a89273_images.jpg
21904.jpg,http://assets.myntassets.com/v1/images/style/properties/ae56420f7ca00108695d39ce27972ca2_images.jpg
30515.jpg,http://assets.myntassets.com/v1/images/style/properties/363b5f3559b34add5f44b478dee631b7_images.jpg
43496.jpg,http://assets.myntassets.com/v1/images/style/properties/7e5c45062bfc01d46c45f92efcffba4b_images.jpg
21124.jpg,http://assets.myntassets.com/v1/images/style/properties/2c6c9861673263bb9fb94ef0f87e381d_images.jpg
57069.jpg,http://assets.myntassets.com/v1/images/style/properties/Elle-Women-Charcoal-Waistcoat_90acdbfcebf892d7943bbf6b0496130a_images.jpg
57292.jpg,http://assets.myntassets.com/v1/images/style/properties/French-Connection-Men-Grey-Shirt_7df393f3c2d319852b5a187bdef9fabb_images.jpg
6254.jpg,http://assets.myntassets.com/v1/images/style/properties/c8839260d617dbf9d5557b852b9a5508_images.jpg
53762.jpg,http://assets.myntassets.com/v1/images/style/properties/Puma-Men-Dark-Blue-and-Red-Striped-Polo-T-shirt_3925efe1eb57274f58dbd9a563204dc1_images.jpg
50717.jpg,http://assets.myntassets.com/v1/images/style/properties/c23c32ddbe430518866da5b4fdef6d89_images.jpg
14638.jpg,http://assets.myntassets.com/v1/images/style/properties/fa38b7ec85e6ef29b92eba1b5932e9e0_images.jpg
18855.jpg,http://assets.myntassets.com/v1/images/style/properties/240e2e57dca027e10ab4815680e4b55f_images.jpg
13878.jpg,http://assets.myntassets.com/v1/images/style/properties/af1f6191edf09d693005b5eddc4c76d0_images.jpg
11282.jpg,http://assets.myntassets.com/v1/images/style/properties/32c023ccdf6980b4b91b1911a3535266_images.jpg
57099.jpg,http://assets.myntassets.com/v1/images/style/properties/Elle-Women-Purple-Capris_ba9c269844ca3618211e574973923609_images.jpg
10792.jpg,http://assets.myntassets.com/v1/images/style/properties/294ce69da2b934680d558ec88ce93d27_images.jpg
6026.jpg,http://assets.myntassets.com/v1/images/style/properties/0344142a57d9abc5c14d84959396a0f8_images.jpg
11527.jpg,http://assets.myntassets.com/v1/images/style/properties/6c598ee94ff155384130481aec05525e_images.jpg
17463.jpg,http://assets.myntassets.com/v1/images/style/properties/c9f2143814f6d77f1c0d4111c7083ff6_images.jpg
50680.jpg,http://assets.myntassets.com/v1/images/style/properties/be8b4648bb16c06d910865b62bdf492d_images.jpg
32462.jpg,http://assets.myntassets.com/v1/images/style/properties/2a5a1250753510870af5855b7f191b62_images.jpg
19518.jpg,http://assets.myntassets.com/v1/images/style/properties/3fee00e78bd60e69fba03c5a88c247e9_images.jpg
13607.jpg,http://assets.myntassets.com/v1/images/style/properties/f9fb588a8e718b40a6a0fea37e7d4592_images.jpg
8279.jpg,http://assets.myntassets.com/v1/images/style/properties/769741554d8af937820ff68fe9f2e28e_images.jpg
42211.jpg,http://assets.myntassets.com/v1/images/style/properties/a9bf1fed663dc0e783316507705687b0_images.jpg
50993.jpg,http://assets.myntassets.com/v1/images/style/properties/2c9b9626e2a3b5d2a49010e3d720c8f1_images.jpg
57132.jpg,http://assets.myntassets.com/v1/images/style/properties/Elle-Women-Multi-Coloured-Top_af155e25c3edfba94411f41f25d346ee_images.jpg
32970.jpg,http://assets.myntassets.com/v1/images/style/properties/af755b0e1f45882ad18122410786c0f1_images.jpg
5203.jpg,http://assets.myntassets.com/v1/images/style/properties/a824c8560bb4c0a9beceaaaab98ec22e_images.jpg
13314.jpg,http://assets.myntassets.com/v1/images/style/properties/353ead787ec637c55708a57896f7492f_images.jpg
40143.jpg,http://assets.myntassets.com/v1/images/style/properties/fc3c1b46906d5c148c45f532d0b3ffb5_images.jpg
27400.jpg,http://assets.myntassets.com/assets/images/27400/2017/5/31/11496212731420-Jockey-Essence-Nude-Coloured-Full-Coverage-Cross-Over-Bra-1242-3961496212731268-1.jpg
40120.jpg,http://assets.myntassets.com/v1/images/style/properties/3aeb96fa828b5cb381419a073dec7ad4_images.jpg
30651.jpg,http://assets.myntassets.com/v1/images/style/properties/8f9c1284ca00f79df5921e1b6dd062c0_images.jpg
24390.jpg,http://assets.myntassets.com/v1/images/style/properties/12b1aaf5908eceeb86c2ea3cc0ee7fd3_images.jpg
19720.jpg,http://assets.myntassets.com/v1/images/style/properties/cd4cb0671b2e639a24b567737c628bd4_images.jpg
22344.jpg,http://assets.myntassets.com/v1/images/style/properties/5f0f9a41b9be25004de3b9080a0f6421_images.jpg
52462.jpg,http://assets.myntassets.com/v1/images/style/properties/Red-Rose-Green---Black-Nightdress_b67aa804cc2aa704952e05f386151f65_images.jpg
14041.jpg,http://assets.myntassets.com/v1/images/style/properties/27873ace8ef5729fecb574db75480eb0_images.jpg
28928.jpg,http://assets.myntassets.com/v1/images/style/properties/4f5fe54704585e2011c465c5cd1adeb7_images.jpg
11728.jpg,http://assets.myntassets.com/v1/images/style/properties/57794b2ce6a736ffb53fb4359562add2_images.jpg
39499.jpg,http://assets.myntassets.com/v1/images/style/properties/Wildcraft-Men-Yellow-T-shirt_712cdfe0f805245a701e9b21b96dddc9_images.jpg
56805.jpg,http://assets.myntassets.com/v1/images/style/properties/Aneri-Women-Magenta-Salwar-Suit_dae0db6ee9c8ce78bcfb84d367395c0f_images.jpg
7808.jpg,http://assets.myntassets.com/v1/images/style/properties/08de4dd88d98623fe233ed4a0e5f8482_images.jpg
18185.jpg,http://assets.myntassets.com/v1/images/style/properties/a1300728a417280445b0b07eec784211_images.jpg
31096.jpg,http://assets.myntassets.com/v1/images/style/properties/6d2aa30e1e33926f595dc53c1e156059_images.jpg
34950.jpg,http://assets.myntassets.com/v1/images/style/properties/1e104696785d3a40c2afcfcf71e30c8d_images.jpg
3208.jpg,http://assets.myntassets.com/v1/images/style/properties/ced4f53c655ee2ce34a6a57d254dee69_images.jpg
50446.jpg,http://assets.myntassets.com/v1/images/style/properties/Chromozome-Men-Black-Pack-of-Two-Briefs_f7ece9fd9ee87da7fd61c7208f21f377_images.jpg
33501.jpg,http://assets.myntassets.com/v1/images/style/properties/76041be16f4bc8be2b6b41a3705d1fb0_images.jpg
31578.jpg,http://assets.myntassets.com/v1/images/style/properties/294ae3171f122a302f66d2a6d3d7f7bb_images.jpg
12668.jpg,http://assets.myntassets.com/v1/images/style/properties/fae52518708e872538a833c642da3f0c_images.jpg
27165.jpg,http://assets.myntassets.com/v1/images/style/properties/3249b25ad0c9ea9d75398e13609fe3db_images.jpg
45094.jpg,http://assets.myntassets.com/v1/images/style/properties/af04ab9d02a7391cc10b463792424fff_images.jpg
12766.jpg,http://assets.myntassets.com/v1/images/style/properties/bb9194a8a814bd92d2180d5040877df5_images.jpg
17496.jpg,http://assets.myntassets.com/v1/images/style/properties/1c9707bcb052311a780fd94b0c4cd5dc_images.jpg
20028.jpg,http://assets.myntassets.com/v1/images/style/properties/a26fd46faa6c7458b69a130ab42ac065_images.jpg
5745.jpg,http://assets.myntassets.com/v1/images/style/properties/83bb2eaaa155160138bb1aa01cef4d98_images.jpg
40606.jpg,http://assets.myntassets.com/v1/images/style/properties/1abfd890fbbafcffbc9af802138fa8cf_images.jpg
3686.jpg,http://assets.myntassets.com/v1/images/style/properties/2be2062168cb03dbfa1dbd869caca39a_images.jpg
34165.jpg,http://assets.myntassets.com/v1/images/style/properties/9aa40452b02073326839a45d97d6f987_images.jpg
11257.jpg,http://assets.myntassets.com/v1/images/style/properties/47b08048d3edf6ce0a6da8e651b8a7c7_images.jpg
3281.jpg,http://assets.myntassets.com/v1/images/style/properties/e7e648cf2c5d68be87fcbc944dd799b3_images.jpg
6909.jpg,http://assets.myntassets.com/v1/images/style/properties/bf9d002bbd52db3efb8a8fea2848c5d2_images.jpg
27546.jpg,http://assets.myntassets.com/v1/images/style/properties/06bc2e42b7de67b281f80d647de49b7e_images.jpg
30536.jpg,http://assets.myntassets.com/v1/images/style/properties/Lovable-Cotton-Essensuals-White-Bra_c8c592b5e1d7d50400161329c3257031_images.jpg
3531.jpg,http://assets.myntassets.com/v1/images/style/properties/e4f982edbca2892bbbca05a49987549c_images.jpg
27020.jpg,http://assets.myntassets.com/v1/images/style/properties/Jealous-21-Women-Washed-Navy-Blue-Jeans_3b959991273c8a02d33aa71c74ff8877_images.jpg
2122.jpg,http://assets.myntassets.com/v1/images/style/properties/f44a6d4bb43c903b0a52b15e99aa5d14_images.jpg
54928.jpg,http://assets.myntassets.com/v1/images/style/properties/Do-u-speak-green-Men-Cream-T-Shirt_54c3b508cff27aeff75f9e871a4aeeac_images.jpg
7460.jpg,http://assets.myntassets.com/v1/images/style/properties/fdce2ba0a0d434d5aa8011c68dc5b87c_images.jpg
22326.jpg,http://assets.myntassets.com/v1/images/style/properties/c141b992205a03db5d6c3f3573af66bf_images.jpg
3789.jpg,http://assets.myntassets.com/v1/images/style/properties/80d2bd2c9c32c5433f1fc94825815cca_images.jpg
19191.jpg,http://assets.myntassets.com/v1/images/style/properties/5b9f6b91971b5bcf974b28fd240c10eb_images.jpg
49982.jpg,http://assets.myntassets.com/v1/images/style/properties/Hanes-Women-Pack-of-3-Briefs_5f836538dd0fd1ecfcf36c46bc476531_images.jpg
27278.jpg,http://assets.myntassets.com/v1/images/style/properties/bcdb007e325890216bdf691c57b023ed_images.jpg
13828.jpg,http://assets.myntassets.com/v1/images/style/properties/d62ab0a73609aed4ca0c037a5cc0ebb1_images.jpg
33557.jpg,http://assets.myntassets.com/v1/images/style/properties/06ec6c820d502fe7b5bf15444c978d12_images.jpg
2491.jpg,http://assets.myntassets.com/v1/images/style/properties/88272a86106d91ca09dec80dbb73fd3b_images.jpg
52880.jpg,http://assets.myntassets.com/v1/images/style/properties/Fashion-N-Fabrics-Printed-Green-Sari_2ab070b46357cde39e7e93fc7ba2a4ce_images.jpg
57354.jpg,http://assets.myntassets.com/v1/images/style/properties/Amante-White-Striped-Bra_7cd9acd3c91fc749858d659b98089a0c_images.jpg
3612.jpg,http://assets.myntassets.com/v1/images/style/properties/0f9914eb8b1ac74dc8ab1fdd5e5376d6_images.jpg
9842.jpg,http://assets.myntassets.com/v1/images/style/properties/a6f3f772ac625f4c8a59a8441e37363c_images.jpg
2204.jpg,http://assets.myntassets.com/v1/images/style/properties/aff7ee95d60fda47e1c19ef4ea4abba9_images.jpg
19075.jpg,http://assets.myntassets.com/v1/images/style/properties/c5799c6e8869066bb802736e260febcb_images.jpg
36752.jpg,http://assets.myntassets.com/v1/images/style/properties/b2155f164df0ce2449e38487ff866c13_images.jpg
52349.jpg,http://assets.myntassets.com/v1/images/style/properties/Red-Rose-Women-Pink-Nightdress_bd7a6847517b876a417935c9abcaffe0_images.jpg
4218.jpg,http://assets.myntassets.com/v1/images/style/properties/a3b3f95003884d011def45ecc925d07b_images.jpg
5507.jpg,http://assets.myntassets.com/v1/images/style/properties/b96695df1f94e7b81e4582cdc3fa4d0a_images.jpg
49843.jpg,http://assets.myntassets.com/v1/images/style/properties/73e4876759e49ccf5df9f339efe6dcc8_images.jpg
18283.jpg,http://assets.myntassets.com/v1/images/style/properties/67ea50ed13616f10753e423c124fe64b_images.jpg
8379.jpg,http://assets.myntassets.com/v1/images/style/properties/946a16f582f37cca07c9e49f64438dec_images.jpg
45995.jpg,http://assets.myntassets.com/v1/images/style/properties/9f17b1eeb1f46fcac189fb794f7cdb66_images.jpg
19078.jpg,http://assets.myntassets.com/v1/images/style/properties/66c9723a133eeffe3448040161cacf29_images.jpg
39238.jpg,http://assets.myntassets.com/v1/images/style/properties/3f4aa9c89ab727876df3e30366099890_images.jpg
24152.jpg,http://assets.myntassets.com/v1/images/style/properties/23b4a5c9cc2cbaa7dfc97903885e68a8_images.jpg
4217.jpg,http://assets.myntassets.com/v1/images/style/properties/225ee5c6f582f76035a26af2b61674db_images.jpg
38597.jpg,http://assets.myntassets.com/v1/images/style/properties/9ff9a9f489e963594e7e7611baad8cb3_images.jpg
51437.jpg,http://assets.myntassets.com/v1/images/style/properties/5812cb846491ee4b56349d48e7ec059b_images.jpg
9463.jpg,http://assets.myntassets.com/v1/images/style/properties/d072eb974267faa980a5b503b57ffe29_images.jpg
26930.jpg,http://assets.myntassets.com/v1/images/style/properties/715eee4c1ed8a5597c9639ce84c33ae8_images.jpg
27880.jpg,http://assets.myntassets.com/v1/images/style/properties/Scullers-For-Her-Women-Pink-Top_40d7cb93933294f4fd228fc8d69945ae_images.jpg
9541.jpg,http://assets.myntassets.com/v1/images/style/properties/03e377217418d55cdc22e5011d417148_images.jpg
7783.jpg,http://assets.myntassets.com/v1/images/style/properties/f85c9dc6b39f87d351a32af5546cd035_images.jpg
25819.jpg,http://assets.myntassets.com/v1/images/style/properties/9c344706ff77c034109cd47d499d53b1_images.jpg
34062.jpg,http://assets.myntassets.com/v1/images/style/properties/6e4f3854eb7b77188e914ee94bce4758_images.jpg
50851.jpg,http://assets.myntassets.com/v1/images/style/properties/325ba3b75ee97cfe93fa81e576a43f20_images.jpg
12329.jpg,http://assets.myntassets.com/v1/images/style/properties/3629371e4677be5e7f8a484955849263_images.jpg
11363.jpg,http://assets.myntassets.com/v1/images/style/properties/d16fa862f5fd7c602a649b28deffbcb2_images.jpg
16127.jpg,http://assets.myntassets.com/v1/images/style/properties/bbd08120930bd5b155e6d0194e67bd73_images.jpg
51427.jpg,http://assets.myntassets.com/v1/images/style/properties/003784906b5aa4e35fe9aadd1d33c4a1_images.jpg
52382.jpg,http://assets.myntassets.com/v1/images/style/properties/Red-Rose-White---Orange-Nightdress_23c2a50156bf859d74872aa90bd50d20_images.jpg
36266.jpg,http://assets.myntassets.com/v1/images/style/properties/c4adf7567facc24840e02d84a88c9a9c_images.jpg
12502.jpg,http://assets.myntassets.com/v1/images/style/properties/efd5a14573ec3818902be1d955f3bbbf_images.jpg
13329.jpg,http://assets.myntassets.com/v1/images/style/properties/e71d05a8c261e38245a78693d9619f1d_images.jpg
27959.jpg,http://assets.myntassets.com/v1/images/style/properties/Jockey-Men-White-Brief_fe6cb2237722de0d6dab5e29a1bf8193_images.jpg
2695.jpg,http://assets.myntassets.com/v1/images/style/properties/58bd470bd54ab421bf619b57010dbc35_images.jpg
43050.jpg,http://assets.myntassets.com/v1/images/style/properties/0aef0d8ba121d9f4f77bc9e7b2738d21_images.jpg
5121.jpg,http://assets.myntassets.com/v1/images/style/properties/a654190f6163a3e837b42f11205ff5dc_images.jpg
10994.jpg,http://assets.myntassets.com/v1/images/style/properties/0d22a926a8254653e9828e4192bb9523_images.jpg
30746.jpg,http://assets.myntassets.com/v1/images/style/properties/133a6d2059a83636fb04f41b840b6356_images.jpg
54319.jpg,http://assets.myntassets.com/v1/images/style/properties/Garfield-Women-Red---Pink-Briefs_cfd2407e1a4d0c10087cbc60b3743b96_images.jpg
40572.jpg,http://assets.myntassets.com/v1/image/style/properties/40572/W-Women-Blue-Kurta_1_6b7790ff947bc09534f0216648be5e0a.jpg
11095.jpg,http://assets.myntassets.com/v1/images/style/properties/73d6639077289313078d812a5b1effda_images.jpg
27466.jpg,http://assets.myntassets.com/assets/images/27466/2019/1/17/0aa3c12f-5c2d-4cca-9f52-44125765f2591547707740088-Jockey-Women-Black-Bikini-Briefs-1803-0105-6481547707738991-1.jpg
20322.jpg,http://assets.myntassets.com/v1/images/style/properties/1318a80fd6c6d101b1a7e468bbe3fb58_images.jpg
2096.jpg,http://assets.myntassets.com/v1/images/style/properties/3661382f9c007b7e99f46944f56997d9_images.jpg
53056.jpg,http://assets.myntassets.com/v1/images/style/properties/Fashion-N-Fabrics-Multi-Coloured-Sari_32eb0ec02380d1749acc9aa0d7a59995_images.jpg
16360.jpg,http://assets.myntassets.com/v1/images/style/properties/8c9fd11bd75f585c76a47c06244e1f82_images.jpg
39067.jpg,http://assets.myntassets.com/v1/images/style/properties/7c15046d5ddefb3c9b4b080393335d7c_images.jpg
46896.jpg,http://assets.myntassets.com/v1/images/style/properties/e59945dd081281aab23a923f54b51f5a_images.jpg
1982.jpg,http://assets.myntassets.com/v1/images/style/properties/6e6eefdd9ab02e45240f79afaffca707_images.jpg
21120.jpg,http://assets.myntassets.com/v1/images/style/properties/9ef9d37fb29c0fed00276e82310dc647_images.jpg
11576.jpg,http://assets.myntassets.com/v1/images/style/properties/4ddfdb6516d7d35623ee0c18e83890da_images.jpg
42415.jpg,http://assets.myntassets.com/v1/images/style/properties/W-Women-Kurtas_8c55d049af38cd16eb680cf66ceb4faa_images.jpg
7200.jpg,http://assets.myntassets.com/v1/images/style/properties/7ca39cd9411fe3e4e27e01895c4e90da_images.jpg
18387.jpg,http://assets.myntassets.com/v1/images/style/properties/0791e13b92e779b523bf67b0e28709c0_images.jpg
13395.jpg,http://assets.myntassets.com/v1/images/style/properties/ab6a942b576d6fd1235dca3ce7675751_images.jpg
45752.jpg,http://assets.myntassets.com/v1/images/style/properties/fe84a8c0a1a08cd2c62fdf85156f802a_images.jpg
35994.jpg,http://assets.myntassets.com/v1/images/style/properties/085a0a333dc70276b47976552b17a7ee_images.jpg
13729.jpg,http://assets.myntassets.com/v1/images/style/properties/c68fd7809cf7a68d20cce717a026ee66_images.jpg
41980.jpg,http://assets.myntassets.com/v1/images/style/properties/9b0d9665b5ecb6d942800b37d95ecbaa_images.jpg
28791.jpg,http://assets.myntassets.com/v1/images/style/properties/71246a171f792caa81146b73798709f3_images.jpg
10662.jpg,http://assets.myntassets.com/v1/images/style/properties/7f59df9ccf015979d8b6a5656ea6822e_images.jpg
12346.jpg,http://assets.myntassets.com/assets/images/productimage/2018/3/16/11521193957675-1.jpg
15605.jpg,http://assets.myntassets.com/v1/images/style/properties/75d81cb7d16cb53a16fe2673a235ae7a_images.jpg
37212.jpg,http://assets.myntassets.com/v1/images/style/properties/1066deb40c4f9ff773d13931b0fc2edd_images.jpg
4840.jpg,http://assets.myntassets.com/v1/images/style/properties/ed11cf20072e6c7ff232b42da4016de9_images.jpg
13792.jpg,http://assets.myntassets.com/v1/images/style/properties/d2cf5240f1a6e4fe0ef554b9da8f8e90_images.jpg
58512.jpg,http://assets.myntassets.com/v1/images/style/properties/Tonga-Women-Printed-Black-Top_3ad8bcdc34bae888bc63b5d8f1071904_images.jpg
37154.jpg,http://assets.myntassets.com/v1/images/style/properties/Campbell-Men-Pack-of-3-T-shirt_8452187108e5a71cc6919c9b444e33fc_images.jpg
34614.jpg,http://assets.myntassets.com/v1/images/style/properties/659d12f53cade38a7ad246e861c57498_images.jpg
7178.jpg,http://assets.myntassets.com/v1/images/style/properties/143ef1f2d06c847f28ed6dc61a7b82ae_images.jpg
13291.jpg,http://assets.myntassets.com/v1/images/style/properties/779f22ab5f17338b642202989a43759a_images.jpg
7355.jpg,http://assets.myntassets.com/v1/images/style/properties/7c9e2e7c405128361af34be207a439a2_images.jpg
11429.jpg,http://assets.myntassets.com/v1/images/style/properties/7aa6373bcaf5534125cea8fd30d34a34_images.jpg
12009.jpg,http://assets.myntassets.com/v1/images/style/properties/aa852b48dc60dc36e9e7c1c4b076f2b7_images.jpg
25367.jpg,http://assets.myntassets.com/v1/images/style/properties/748a88945f759aed3268bd1a4aa433ec_images.jpg
6271.jpg,http://assets.myntassets.com/v1/images/style/properties/907aba1cb51e9584e17400c62f46382f_images.jpg
36814.jpg,http://assets.myntassets.com/v1/images/style/properties/66984c0995a8e92ed7e3d4f979ba1313_images.jpg
19622.jpg,http://assets.myntassets.com/v1/images/style/properties/a3f09394edfcb0b5ddfa4e4bd1734249_images.jpg
26243.jpg,http://assets.myntassets.com/v1/images/style/properties/14fb1a942de16caccde0fcac34883501_images.jpg
52117.jpg,http://assets.myntassets.com/v1/images/style/properties/ec2e90d45ce9174217498b40e01ce0ff_images.jpg
59352.jpg,http://assets.myntassets.com/v1/images/style/properties/Vishudh-Women-Green-Kurta_b0c9815f1d622c06c6bb925a1ccc81b9_images.jpg
20373.jpg,http://assets.myntassets.com/v1/images/style/properties/b0b28f82b2a8c03fdcf4db6a1905ed3c_images.jpg
34030.jpg,http://assets.myntassets.com/v1/images/style/properties/de60f28116510c52412e8c1c9a6217aa_images.jpg
24148.jpg,http://assets.myntassets.com/v1/images/style/properties/51f4a71c0946163c5a37329a53fc9a5a_images.jpg
38765.jpg,http://assets.myntassets.com/v1/images/style/properties/c74864a2c5f76226e43c028835329ad0_images.jpg
9713.jpg,http://assets.myntassets.com/v1/images/style/properties/4f0abe5b674bde6b8cc58fab260776f3_images.jpg
9985.jpg,http://assets.myntassets.com/v1/images/style/properties/9118368a8c29b414c518d3ec53fd0687_images.jpg
9237.jpg,http://assets.myntassets.com/v1/images/style/properties/6e5f417d65cfb80e1b62ade89d4fd5be_images.jpg
58216.jpg,http://assets.myntassets.com/v1/images/style/properties/Shree-Women-Multi-Coloured-Patiala_c176d7db33bc07ca53e30a63d70c7f5a_images.jpg
16124.jpg,http://assets.myntassets.com/v1/images/style/properties/34208f6bd0b4ddc1193b2be906aea97c_images.jpg
5002.jpg,http://assets.myntassets.com/v1/images/style/properties/1a81eda82e2103286aad671c21c8e821_images.jpg
57382.jpg,http://assets.myntassets.com/v1/images/style/properties/Amante-Women-Pack-of-2-Briefs_1e6a83a4b20d50d6b7560aec82c07f05_images.jpg
15976.jpg,http://assets.myntassets.com/v1/images/style/properties/55ef786235952e593f02a2f0259b1721_images.jpg
36845.jpg,http://assets.myntassets.com/v1/images/style/properties/adbf63aeff5c85a535e4c30f480dfc09_images.jpg
53228.jpg,http://assets.myntassets.com/v1/images/style/properties/75757c327edf0ed789ee9c969c9dd93d_images.jpg
57344.jpg,http://assets.myntassets.com/v1/images/style/properties/Amante-Violet-Bra_28e5505a44c1549d3dfb739b5a56f814_images.jpg
37545.jpg,http://assets.myntassets.com/v1/images/style/properties/ac225b001127a3e252bc14de7ade47ea_images.jpg
2971.jpg,http://assets.myntassets.com/v1/images/style/properties/53f550faa7be3a0bddbf37263fa43bbe_images.jpg
34158.jpg,http://assets.myntassets.com/v1/images/style/properties/a629e45e71cb82fca4bae81bff0db070_images.jpg
8813.jpg,http://assets.myntassets.com/v1/images/style/properties/58948cd899dfef949bcd7575838c608a_images.jpg
12914.jpg,http://assets.myntassets.com/v1/images/style/properties/c518a9a7654e021a89f63f337ae68d70_images.jpg
9502.jpg,http://assets.myntassets.com/v1/images/style/properties/851c692130df179be4eb359de8745115_images.jpg
53787.jpg,http://assets.myntassets.com/v1/images/style/properties/0e8f5a4e6a70f6d95240bf68eccec095_images.jpg
20331.jpg,http://assets.myntassets.com/v1/images/style/properties/MrMen-Little-Miss-Men-Printed-Grey-Tshirt_e686a7c85227b242050726fc308df9fe_images.jpg
33935.jpg,http://assets.myntassets.com/v1/images/style/properties/1808b1849cc3fb6fc22b9cd3989865d6_images.jpg
59971.jpg,http://assets.myntassets.com/v1/images/style/properties/Avirate-Multicoloured-Dress_1a5a416a3531ee3d95e00e080e556007_images.jpg
16045.jpg,http://assets.myntassets.com/v1/images/style/properties/bb5ec432b69e70d8e20039a62e480016_images.jpg
9180.jpg,http://assets.myntassets.com/v1/images/style/properties/22878756b207d94b832f663d5afa9f49_images.jpg
37754.jpg,http://assets.myntassets.com/v1/images/style/properties/a37df303233f7316a165ff6a87c5017e_images.jpg
13342.jpg,http://assets.myntassets.com/v1/images/style/properties/7464aa48eb5c2d9e3af46e0cec6bc61f_images.jpg
13336.jpg,http://assets.myntassets.com/v1/images/style/properties/7b33225f7ee78dfce077de1ef6462ec6_images.jpg
58737.jpg,http://assets.myntassets.com/v1/images/style/properties/Puma-Women-Black-T-shirt_175bc17154962cde98b9579c310d4c49_images.jpg
23156.jpg,http://assets.myntassets.com/v1/images/style/properties/79b63f9562ea7e9e395ae0174c04ba89_images.jpg
54710.jpg,http://assets.myntassets.com/v1/images/style/properties/Shree-Women-Orange-Printed-Kurta_7b21277e9bd639ae5ad291aa0bb03643_images.jpg
5423.jpg,http://assets.myntassets.com/v1/images/style/properties/625fd687a222126ec83ce3f9d99498b5_images.jpg
44885.jpg,http://assets.myntassets.com/v1/images/style/properties/74e617249829e7ae2353d83dfd0093a3_images.jpg
16724.jpg,http://assets.myntassets.com/v1/images/style/properties/ea07859c92f3c12c8a84e074ca68530a_images.jpg
7922.jpg,http://assets.myntassets.com/v1/images/style/properties/1b80a56828b8a056a9f1a516c7d7df67_images.jpg
40638.jpg,http://assets.myntassets.com/v1/images/style/properties/ab9febb4a170c06f4e4d1f146f640b02_images.jpg
4331.jpg,http://assets.myntassets.com/v1/images/style/properties/7ede52df96b0b67a55514dab0fa07883_images.jpg
22763.jpg,http://assets.myntassets.com/v1/images/style/properties/8eb0c3ac675b450ea9cfb224ed875000_images.jpg
6607.jpg,http://assets.myntassets.com/v1/images/style/properties/4cef8ea919f788118adb93a08d9b3052_images.jpg
9508.jpg,http://assets.myntassets.com/v1/images/style/properties/9781acff360ccbaf48d508d55226dbf5_images.jpg
8549.jpg,http://assets.myntassets.com/v1/images/style/properties/7f4ba3b13d2e7217d93943a875faa022_images.jpg
9506.jpg,http://assets.myntassets.com/v1/images/style/properties/a89123c8e0d5e13b24692e11917bc726_images.jpg
40419.jpg,http://assets.myntassets.com/v1/images/style/properties/5bb19635cc6588a03b968a4b1a9fff63_images.jpg
28063.jpg,http://assets.myntassets.com/v1/images/style/properties/46fdc7603147be42fe68e33b5db510be_images.jpg
52436.jpg,http://assets.myntassets.com/v1/images/style/properties/Red-Rose-Women-Red-Nightdress_465d937ad76ba47f4398a32f23744b8f_images.jpg
30914.jpg,http://assets.myntassets.com/v1/images/style/properties/fbd80fb2478446c609605ab1a97319b1_images.jpg
54767.jpg,http://assets.myntassets.com/v1/images/style/properties/Prafful-Women-Green-Printed-Kurta_3b8be2ef8efd17528fb8ba792fb2312e_images.jpg
18705.jpg,http://assets.myntassets.com/v1/images/style/properties/c30068d7ba86c9f840b442d6e36e97e4_images.jpg
15557.jpg,http://assets.myntassets.com/v1/images/style/properties/4bec784237c6058b5ecf97ee28edcf87_images.jpg
19666.jpg,http://assets.myntassets.com/v1/images/style/properties/52c6c3a64b2e47be98f2c3298efd961d_images.jpg
24150.jpg,http://assets.myntassets.com/v1/images/style/properties/9898af6d4817bd09ec91db9dc091bfc7_images.jpg
16415.jpg,http://assets.myntassets.com/v1/images/style/properties/a3823b88650bda4c15656dc6ec974779_images.jpg
23966.jpg,http://assets.myntassets.com/v1/images/style/properties/617333be9d1dcce2daeca1352a0da33c_images.jpg
39809.jpg,http://assets.myntassets.com/v1/images/style/properties/eefddcfcf7429e8521afbd8b91b557e8_images.jpg
25536.jpg,http://assets.myntassets.com/v1/images/style/properties/94e11d27763536c721c4dbe17c4298a5_images.jpg
7887.jpg,http://assets.myntassets.com/v1/images/style/properties/94facfc2f1c4234e90892f6219836206_images.jpg
18984.jpg,http://assets.myntassets.com/v1/images/style/properties/a5e3a53503cbfe1509b93e99192ac12d_images.jpg
27473.jpg,http://assets.myntassets.com/v1/images/style/properties/Jockey-Women-Beige-Lace-Essence-Bra_cc223e269e42ce611bf1f490500f1c8a_images.jpg
2867.jpg,http://assets.myntassets.com/v1/images/style/properties/791ec9ad90e43769f5732dde52425e01_images.jpg
23044.jpg,http://assets.myntassets.com/v1/images/style/properties/4e6ea0b454b89dda95e775e6008028ba_images.jpg
11565.jpg,http://assets.myntassets.com/v1/images/style/properties/abe15a9bb542c39abf78091f6dcaeae4_images.jpg
31549.jpg,http://assets.myntassets.com/v1/images/style/properties/d6fd512c2c70a2a63b0ac8fc8f895385_images.jpg
54081.jpg,http://assets.myntassets.com/v1/images/style/properties/Mumbai-Slang-Women-Red-Kurta_f8a2078da13c376725352844b5e81d31_images.jpg
59716.jpg,http://assets.myntassets.com/v1/images/style/properties/Avirate-Black-Babydoll-Nightdress_bbd876b91f9eddc154de5fb4f5206472_images.jpg
26799.jpg,http://assets.myntassets.com/v1/images/style/properties/Arrow-Men-Beige-Shirt_336b6f04f8165cc233a661078c713804_images.jpg
34246.jpg,http://assets.myntassets.com/v1/images/style/properties/c21e0f08314e676946976ecc9685e144_images.jpg
56855.jpg,http://assets.myntassets.com/v1/images/style/properties/John-Players-Men-Blue-Shirt_fae63e5ae8d24977c500303a109e60ae_images.jpg
